parent_clip_id,clip_id,video_id,speaker_id,language,emotion,source_url,start_sec,end_sec,duration_sec,chunk_index,transcription,transcribed,selected,reviewed
3BUnv2jku0Q_13,3BUnv2jku0Q_13_43,3BUnv2jku0Q,3BUnv2jku0Q,hi-IN,Sad,https://www.youtube.com/watch?v=3BUnv2jku0Q,13,43,30,0,"दरअसल मैं मैं मैं काफी दिनों से आराम से नहीं बैठा। मैं आपको बता नहीं पाया। मैं आपको बताना चाहता हूं कि जिस जगह पर मैं काम करता हूं ना, वहां चाय पीने के लिए मुझे ten मिनट की छुट्टी मिली थी। लेकिन लेकिन मेरे लिए जगह नहीं थी वहां। वहां वो बड़े लोग बैठे हुए थे, वो काले, ग्रीक, पॉलिश।",Y,Y,
3BUnv2jku0Q_13,3BUnv2jku0Q_43_68,3BUnv2jku0Q,3BUnv2jku0Q,hi-IN,Sad,https://www.youtube.com/watch?v=3BUnv2jku0Q,43,68,25,1,"मेरे लिए जगह नहीं थी वहां। देखो मैं वहां काम करता था वो, वो मुझसे काम लेते थे लेकिन, लेकिन फिर भी मेरे लिए जगह नहीं थी वहां। मैंने अभी आपको बताया कि वहां वहां सब वो बड़े लोग बैठे हुए थे, काले ग्रीक, पॉलिश और भी तमाम थे। वो वो मुझे गंदा जानवर समझ रहे थे। गंदा जानवर।",Y,Y,
LhpZJwUboeI_3629,LhpZJwUboeI_3629_3651,LhpZJwUboeI,LhpZJwUboeI,hi-IN,Sad,https://www.youtube.com/watch?v=LhpZJwUboeI,3629,3651,22,0,अंडरस्टैंड। एंड इस मोमेंट में जो सबसे खराब चीज होती थी। मेरी मां का वीडियो कॉल आया। किस मुंह से उठाऊं मैं ये कॉल? क्या दिखाऊं मेरी मां को? रो रहा हूं बैठ के यहां टूटा पड़ा हूं। उन पे क्या बीतेगी यार? मेरी मां को प्यार देने के अलावा कुछ,Y,Y,
2DVNQVVoj9w_418,2DVNQVVoj9w_418_448,2DVNQVVoj9w,2DVNQVVoj9w,hi-IN,Sad,https://www.youtube.com/watch?v=2DVNQVVoj9w,418,448,30,0,"ज़रा सोचिए। एक बच्चा महज आठ या नौ साल का पढ़ नहीं पाता, लिख नहीं पाता। रोज़मर्रा के मामूली काम नहीं कर पाता। वो सारी चीजें नहीं कर पाता जो उसकी उम्र के बच्चे बड़ी आसानी से कर लेते हैं। क्या बीतती होगी उस पर? उसके सेल्फ कॉन्फिडेंस की तो धज्जियां उड़ जाती होंगी। अपनी खामियों को टेढ़ेपन के लिबास में लपेड़ कर दुनिया से लड़ता होगा हर रोज़। गदर मचाता होगा, गदर यहां।",Y,Y,
2DVNQVVoj9w_418,2DVNQVVoj9w_448_478,2DVNQVVoj9w,2DVNQVVoj9w,hi-IN,Sad,https://www.youtube.com/watch?v=2DVNQVVoj9w,448,478,30,1,"क्यों बताऊं दुनिया को कि नहीं आता? नहीं करना कह के टाल नहीं दूं? बड़ोसे तो सीखते हैं बच्चे। अब तो ये गदर भी कुचल दिया गया है वहां। मुझे अफसोस है, उसने पेंटिंग करना बंद कर दिया।",Y,Y,
2DVNQVVoj9w_418,2DVNQVVoj9w_478_508,2DVNQVVoj9w,2DVNQVVoj9w,hi-IN,Sad,https://www.youtube.com/watch?v=2DVNQVVoj9w,478,508,30,2,"बड़े दुख की बात है। लेकिन ईशान ही क्यों? इसका कोई जवाब नहीं है। इट्स अ न्यूरोलॉजिकल डिसऑर्डर, किसी को भी हो सकता है। कभी-कभी जेनेटिक भी होता है। आम आदमी की ज़बान में कहूं तो ब्रेन में ज़रा सी वायरिंग की प्रॉब्लम है बस। तो आप ये कह रहे हैं मेरा बेटा नॉर्मल नहीं है, मेंटली रिटार्डेड अजीब आदमी है आप?",Y,Y,
2DVNQVVoj9w_418,2DVNQVVoj9w_508_535,2DVNQVVoj9w,2DVNQVVoj9w,hi-IN,Sad,https://www.youtube.com/watch?v=2DVNQVVoj9w,508,535,27,3,यह देखिए। यह देखिए मिस्टर अवस्थी। यह तेज दिमाग हज़ार ख्याल बुन रहा है रंगों में। आपके और मेरी काबिलियत से कहीं आगे। लेकिन इसका फ़ायदा क्या है? इसमें फ़ायदा क्यों ढूंढ रहे हैं? तो और क्या ढूंढ लूं? क्या बनेगा बड़ा होकर वो? कैसे बराबरी कर पाएगा इस दुनिया के साथ? क्या सारी उम्र में उसे घर पर बैठ के खिलाता रहूंगा?,Y,Y,
zls4a7I_qaM_317,zls4a7I_qaM_317_347,zls4a7I_qaM,zls4a7I_qaM,en-IN,Sad,https://www.youtube.com/watch?v=zls4a7I_qaM,317,347,30,0,"Then happened, I mean, another tragedy. He died in a road accident. So then it was very hard. Very, very hard because it's a little emotional for me also when I speak about this. But I want to share this because, you know, it's very, very important to know how, how I have struggled, how my mom has struggled. So it was only me and my brother and my mom.",Y,Y,
zls4a7I_qaM_317,zls4a7I_qaM_347_365,zls4a7I_qaM,zls4a7I_qaM,en-IN,Sad,https://www.youtube.com/watch?v=zls4a7I_qaM,347,365,18,1,"My mom was gone. She was totally gone. And she also, she also gave up. Like it all happened in, you know, like say like one, one year or two years gap. It was just, just that.",Y,Y,
uCcbEu-7t1M_197,uCcbEu-7t1M_197_227,uCcbEu-7t1M,uCcbEu-7t1M,en-IN,Sad,https://www.youtube.com/watch?v=uCcbEu-7t1M,197,227,30,0,"feed off your lack of courage to fight back. And yes, I thought I was very confident. But when you are singled out and so many people in a new place, you know, target you together, it gets to you. And I crumpled under all the hate. It was bad. Around the same time, I started struggling with chronic cystic acne. That is another journey that I think we underestimate the effect of on your mind. My entire face was",Y,Y,
uCcbEu-7t1M_197,uCcbEu-7t1M_227_257,uCcbEu-7t1M,uCcbEu-7t1M,en-IN,Sad,https://www.youtube.com/watch?v=uCcbEu-7t1M,227,257,30,1,"covered with acne. Not even a single spot was clear. It was all red, black. And when you're 15, 16, it's like I hated looking at myself in the mirror because everybody for years, whenever somebody would meet me, instead of saying hi first, they would say, oh my god, what happened to your face? Why do you look like this? I feel so sorry for you. This was my life for years, and I really lost my confidence. You know, I disconnected from all the good things that I had in my life, like my few good friends.",Y,Y,
uCcbEu-7t1M_197,uCcbEu-7t1M_257_270,uCcbEu-7t1M,uCcbEu-7t1M,en-IN,Sad,https://www.youtube.com/watch?v=uCcbEu-7t1M,257,270,13,2,"I wouldn't talk to my parents too much. I just couldn't see the good things that were there in my life. I just, I just couldn't see them anymore. And you know when you lose confidence in yourself is when you are at your loneliest. Because you yourself can't",Y,Y,
KGAzkM_sf3I_78,KGAzkM_sf3I_78_89,KGAzkM_sf3I,KGAzkM_sf3I,en-IN,Angry,https://www.youtube.com/watch?v=KGAzkM_sf3I,78,89,11,0,"I did not choose this engineering life, sir, and neither did this engineering life choose me. It was shoved down my throat by my teachers while my hands were tied to my back by my friends, and my parents watched in silence.",Y,Y,
9bvcyGyzj7Y_172,9bvcyGyzj7Y_172_187,9bvcyGyzj7Y,9bvcyGyzj7Y,en-IN,Angry,https://www.youtube.com/watch?v=9bvcyGyzj7Y,172,187,15,0,"chah rahe hain, what do we do with them? We penalize them. We judge them. We make them feel guilty for their choices to leave on time. Why? Who is to blame for this? You. You and an office culture that has gone unchecked.",Y,Y,
xC9v9c_0XBo_585,xC9v9c_0XBo_585_615,xC9v9c_0XBo,xC9v9c_0XBo,en-IN,Angry,https://www.youtube.com/watch?v=xC9v9c_0XBo,585,615,30,0,"question to advocate AP Singh, I am ashamed of you not for being the lawyer in the case, that's your right. I am utterly ashamed of you advocate AP Singh, not because you've chosen to be the lawyer for these rapists. I am ashamed at you for the manner in which you have trivialized the argument. I am ashamed of you for what you've written. Have you actually written this? I can't believe it that any sensible person can write",Y,Y,
xC9v9c_0XBo_585,xC9v9c_0XBo_615_645,xC9v9c_0XBo,xC9v9c_0XBo,en-IN,Angry,https://www.youtube.com/watch?v=xC9v9c_0XBo,615,645,30,1,"act like this. He says today, let me explain to you. Anujal, can I read out something today what he says? He says today, intercourse. He says while Nirbhaya was raped, he says in the mercy petition, he says it is further stated that the prosecutrix was raped by a minimum of two men and that she does not remember intercourse after that.",Y,Y,
xC9v9c_0XBo_585,xC9v9c_0XBo_645_675,xC9v9c_0XBo,xC9v9c_0XBo,en-IN,Angry,https://www.youtube.com/watch?v=xC9v9c_0XBo,645,675,30,2,"This man on your screen, ladies and gentlemen, Advocate AP Singh brushes aside rape as some kind of intercourse. For people like him, he says, and I can only say that we are all ashamed of you, Advocate AP Singh, for your lack of sensitivity, empathy, and sense. Brinda Adige, he calls rape intercourse. Did you hear that?",Y,Y,
xC9v9c_0XBo_585,xC9v9c_0XBo_675_690,xC9v9c_0XBo,xC9v9c_0XBo,en-IN,Angry,https://www.youtube.com/watch?v=xC9v9c_0XBo,675,690,15,3,"He calls it intercourse and he sits there with a straight face on my program today. He's proud of what he's done, Yogita. He's proud. Vrinda, I want to bring you into the debate to first respond to his definition of rape as some some form of sexual intercourse.",Y,Y,
RJAJdYw3ctw_83,RJAJdYw3ctw_83_112,RJAJdYw3ctw,RJAJdYw3ctw,en-IN,Angry,https://www.youtube.com/watch?v=RJAJdYw3ctw,83,112,29,0,"forces special powers act section five rule four.a. Any commissioned officer, warrant officer, non commissioned officer or any other person of equivalent rank of the armed forces may in a disturbed area if he's of the opinion that it's necessary to do so for the maintenance of public order and after having given due warning as he may consider necessary fire upon or otherwise use force even to the causing of death. Against anyone acting in contravention with law.",Y,Y,
5mHdJmXVLNI_31,5mHdJmXVLNI_31_39,5mHdJmXVLNI,5mHdJmXVLNI,en-IN,Excited,https://www.youtube.com/watch?v=5mHdJmXVLNI,31,39,8,0,We're back! We're hungry! And this beautiful morning finds us in Thiruvananthapuram in,Y,Y,
A__BAweSlUc_0,A__BAweSlUc_0_30,A__BAweSlUc,A__BAweSlUc,en-IN,Excited,https://www.youtube.com/shorts/A__BAweSlUc,0,30,30,0,"This is how I spent money to save money. We saved big money in Japan and here's how you too can. And that was because we booked this amazing Airbnb which was just a casual stroll away from all the prime spots. The next big thing was our meals. Morning runs for fresh fruits and smoothies became our new routine. And the fact that we had a fully equipped kitchen, we enjoyed our cozy ramen date nights. It truly felt like we were actually living there. So the biggest takeaway",Y,Y,
A__BAweSlUc_0,A__BAweSlUc_30_33,A__BAweSlUc,A__BAweSlUc,en-IN,Excited,https://www.youtube.com/shorts/A__BAweSlUc,30,33,3,1,,,,
VyGY4pmQ4Ek_0,VyGY4pmQ4Ek_0_30,VyGY4pmQ4Ek,VyGY4pmQ4Ek,en-IN,Excited,https://www.youtube.com/watch?v=VyGY4pmQ4Ek,0,30,30,0,"Hi there and welcome back to my YouTube channel. I'm so excited to see you watching this video. And here are a few things I already know about you because you decided to click on this video today. Firstly, you're not just another traveler. You're someone who's ready to invest in themselves. You're someone who's craving more than that everyday routine. And you're someone who's brave enough to feel a little uncomfortable because you know that that's where the real magic happens. And that's why I'm so glad that you're here because Solo Travel did all of that.",Y,Y,
VyGY4pmQ4Ek_0,VyGY4pmQ4Ek_30_60,VyGY4pmQ4Ek,VyGY4pmQ4Ek,en-IN,Excited,https://www.youtube.com/watch?v=VyGY4pmQ4Ek,30,60,30,1,"that and truly changed my life. I say this every single time, and in today's video, as you probably have already seen in the title, I want to share all of these destinations that I personally feel can change your life too, once you travel solo to them, because these places are some of the easiest destinations you can travel solo to. I'm giving you the top six destinations internationally and five destinations within India that are going to be perfect for your first solo trip. Now remember, these have a special focus for women because I have the experience of",Y,Y,
jyf9dHgFdlk_13,jyf9dHgFdlk_13_43,jyf9dHgFdlk,jyf9dHgFdlk,en-IN,Excited,https://www.youtube.com/watch?v=jyf9dHgFdlk,13,43,30,0,"Hello to my favorite people in the whole wide world, the coffee viewers. This season of Coffee with Karan has been exciting for all the right reasons. We've had some steamy conversations, some confessions, lots of fun and games, and of course our beloved constant that is our rapid fire round. So today, I'm with a third wheel that always finds itself between the two guests on my couch. It's immensely desired, it's ruthlessly fought over, and our illustrious coffee gang has made",Y,Y,
jyf9dHgFdlk_13,jyf9dHgFdlk_43_73,jyf9dHgFdlk,jyf9dHgFdlk,en-IN,Excited,https://www.youtube.com/watch?v=jyf9dHgFdlk,43,73,30,1,,,,
VyGY4pmQ4Ek_180,VyGY4pmQ4Ek_180_210,VyGY4pmQ4Ek,VyGY4pmQ4Ek,en-IN,Excited,https://www.youtube.com/watch?v=VyGY4pmQ4Ek,180,210,30,0,"I have personally been to twice and I think I could go back again and again just because of how A beautiful it is, B affordable it is, and C the people are so so so friendly here. I'm talking about Thailand. Probably the best international destination for a first time solo traveler. Let me give you an example. So when I went to Thailand for the first time I was traveling solo and I remember taking a boat from Phuket to Kophi Phi which is a beautiful island there. And it was so funny that 90 percent of the people on",Y,Y,
VyGY4pmQ4Ek_180,VyGY4pmQ4Ek_210_230,VyGY4pmQ4Ek,VyGY4pmQ4Ek,en-IN,Excited,https://www.youtube.com/watch?v=VyGY4pmQ4Ek,210,230,20,1,"that boat were also traveling solo and they were so open to meeting new people because everybody is basically in the same environment and mood as you and so they are also super excited to meet other people and do activities with other people. So I think Thailand was one place where I had no issues making friends. In fact, some of the days I had to actually take alone time because I used to just be constantly",Y,Y,
8vNpDUz3flg_0,8vNpDUz3flg_0_30,8vNpDUz3flg,8vNpDUz3flg,en-IN,Formal,https://www.youtube.com/watch?v=8vNpDUz3flg,0,30,30,0,"Hi. My name is Maulia and I'm currently an undergraduate student at Avi College of Engineering and I major in Information Science and Engineering. Artificial intelligence has become such a major part in everybody's lives, including mine, and will continue to play an even greater role in the coming future. My interest in artificial intelligence started when I watched a movie where a machine could predict the clothing choices for a particular user based on his previous decisions and interests. That was the most",Y,Y,
8vNpDUz3flg_0,8vNpDUz3flg_30_60,8vNpDUz3flg,8vNpDUz3flg,en-IN,Formal,https://www.youtube.com/watch?v=8vNpDUz3flg,30,60,30,1,"Fascinating thing I'd ever come across. The capability of a machine to think and make human-like choices, sometimes even better, was so interesting and this is where my interest for AI grew. Following this, I started to strengthen my knowledge skills in the field of AI by familiarizing myself with concepts like machine learning algorithms, computer vision, deep learning, and natural language processing and so much more. When I started researching for graduate programs in the field of AI,",Y,Y,
8vNpDUz3flg_0,8vNpDUz3flg_60_80,8vNpDUz3flg,8vNpDUz3flg,en-IN,Formal,https://www.youtube.com/watch?v=8vNpDUz3flg,60,80,20,2,"Right? I had a hard time trying to find the perfect fit. Something that closely aligns with my interests. That's when I came across MSAII program at CMU. Subjects such as AI and future markets, AI engineering, medical image analysis, computer vision, all of these seemed so",Y,Y,
ASRB1MjcDvA_0,ASRB1MjcDvA_0_30,ASRB1MjcDvA,ASRB1MjcDvA,en-IN,Formal,https://www.youtube.com/watch?v=ASRB1MjcDvA,0,30,30,0,"Hello, Namaste, members of the admissions committee. My name is Amya Morabale. I'm a data analyst at the Math company, and I live in the beautiful city of Mumbai. Now, you've already gotten a glimpse into my work experience, projects, research, and my background in artificial intelligence through other materials. So before I actually delve into my academic and professional aspirations and the reasons why I want to pursue the MSAI at CMU, I actually wanted to first give you a holistic picture of me apart from academics, sharing interesting parts of my life and different sides of me that you have not seen yet.",Y,Y,
tl_6rcm0zPk_30,tl_6rcm0zPk_30_60,tl_6rcm0zPk,tl_6rcm0zPk,en-IN,Formal,https://www.youtube.com/watch?v=tl_6rcm0zPk,30,60,30,0,,,,
tl_6rcm0zPk_30,tl_6rcm0zPk_60_90,tl_6rcm0zPk,tl_6rcm0zPk,en-IN,Formal,https://www.youtube.com/watch?v=tl_6rcm0zPk,60,90,30,1,,,,
iQaiMoUn-zc_20,iQaiMoUn-zc_20_50,iQaiMoUn-zc,iQaiMoUn-zc,en-IN,Formal,https://www.youtube.com/watch?v=iQaiMoUn-zc,20,50,30,0,"Quite a lot has been said and I feel very happy and proud that you've introduced me the way you have introduced me. I need to take some tips on anchoring from you guys. I tend to over anchor a lot. So well TEDx has been a very inspiring thing in my individual life also. I've seen so many of these TED talks and they've all been extremely inspiring. I've learned so much, applied so much, I've become a better version of myself and here I am with my own. People who've been here have been far more accomplished.",Y,Y,
iQaiMoUn-zc_20,iQaiMoUn-zc_50_80,iQaiMoUn-zc,iQaiMoUn-zc,en-IN,Formal,https://www.youtube.com/watch?v=iQaiMoUn-zc,50,80,30,1,"first than I am, people who've been here and used this stage like Jograj ji, Mr. Shah Rukh Khan, I I didn't get your name. The the I just walked in during. Sumrit, Sumrit, such an inspiring speech. You know, even in terms of struggles and exposure people have had so much, but I have my own experiences and here I am. And like Jograj ji said that if even a single one of you can get some inspiration out of it, can change a degree of an area of your life, I'd be extremely happy and it would have been fruitful coming here.",Y,Y,
-WnTqddlx4s_0,-WnTqddlx4s_0_6,-WnTqddlx4s,-WnTqddlx4s,en-IN,Whisper,https://www.youtube.com/shorts/-WnTqddlx4s,0,6,6,0,"So they had to record the sound of many fingers, right, to match what we did on screen.",Y,Y,
4cEI-uqxOkY_0,4cEI-uqxOkY_0_30,4cEI-uqxOkY,4cEI-uqxOkY,en-IN,Whisper,https://www.youtube.com/shorts/4cEI-uqxOkY,0,30,30,0,"Like whenever people think of Snow White, they think of a weak little child, but she is a very strong little child, you know. Even though she's living a very miserable life, she is still making the most out of it. Not only is she very positive, she brings positivity all around her, you know. All the animals, you know, come close to her, you know. All the birds are helping her. And there are some people like this, you know, who when they come",Y,Y,
4cEI-uqxOkY_0,4cEI-uqxOkY_30_44,4cEI-uqxOkY,4cEI-uqxOkY,en-IN,Whisper,https://www.youtube.com/shorts/4cEI-uqxOkY,30,44,14,1,"somewhere even though they are like doing something in a simple, but they still do it with lot of passion and love and everywhere they go, other people are also very happy with them. They bring happiness in other people as well.",Y,Y,
VEcnAvwS37s_0,VEcnAvwS37s_0_30,VEcnAvwS37s,VEcnAvwS37s,en-IN,Whisper,https://www.youtube.com/shorts/VEcnAvwS37s,0,30,30,0,"Be careful of the people who are around you. If someone is giving you a bad feeling, be on alert mode. The devil doesn't come with homes. The devil comes in a disguise. Sometimes the people you think are very nice, friendly, they may not have very good intentions for you. Don't judge people based on their appearance. Sometimes people may seem like very good.",Y,Y,
VEcnAvwS37s_0,VEcnAvwS37s_30_45,VEcnAvwS37s,VEcnAvwS37s,en-IN,Whisper,https://www.youtube.com/shorts/VEcnAvwS37s,30,45,15,1,"But they are there to hurt you or take advantage of you. If someone is causing you harm in a direct or indirect way, just be careful of them and walk away from them. Do not",Y,Y,
iQGMbCBE-Uc_0,iQGMbCBE-Uc_0_30,iQGMbCBE-Uc,iQGMbCBE-Uc,en-IN,Whisper,https://www.youtube.com/watch?v=iQGMbCBE-Uc,0,30,30,0,"Hello, good afternoon. Can I help you? Okay. Yes, I am the librarian. Sure. Okay. Yes, I can help you with finding a book that you might be interested in. Yes.",Y,Y,
iQGMbCBE-Uc_0,iQGMbCBE-Uc_30_60,iQGMbCBE-Uc,iQGMbCBE-Uc,en-IN,Whisper,https://www.youtube.com/watch?v=iQGMbCBE-Uc,30,60,30,1,"There is another one also, another colleague of mine, but I have been working here for the past 16 and a half years. Books are my passion. So you are in the right place. Okay. So tell me what kind of books are you looking for? I see.",Y,Y,
iQGMbCBE-Uc_0,iQGMbCBE-Uc_60_90,iQGMbCBE-Uc,iQGMbCBE-Uc,en-IN,Whisper,https://www.youtube.com/watch?v=iQGMbCBE-Uc,60,90,30,2,"something new. Oh, so you are looking for books that I would suggest to everyone. Books that can teach you a lot through a story. Wonderful. I must say, I really like that mindset, especially with the younger generation.",Y,Y,
iQGMbCBE-Uc_0,iQGMbCBE-Uc_90_110,iQGMbCBE-Uc,iQGMbCBE-Uc,en-IN,Whisper,https://www.youtube.com/watch?v=iQGMbCBE-Uc,90,110,20,3,,,,
TXXVfGAzcYw_19,TXXVfGAzcYw_19_49,TXXVfGAzcYw,TXXVfGAzcYw,hi-IN,Formal,https://www.youtube.com/watch?v=TXXVfGAzcYw,19,49,30,0,"और ये अपने गाने के ज़रिए पूछ रही है कि ओ मेरे दिल, मेरी आत्मा, तू मर्द है कि औरत? नर है कि मादा? सवाल को ध्यान में रखिएगा। अब मैं आपसे तीन-चार बातें कुदरत के बारे में, नेचर के बारे में करना चाहती हूँ। थोड़ा सा ध्यान दें कि कुदरत ने औरत और मर्द में सिमिलैरिटीज़ ज़्यादा दी हैं।",Y,Y,
TXXVfGAzcYw_19,TXXVfGAzcYw_49_79,TXXVfGAzcYw,TXXVfGAzcYw,hi-IN,Formal,https://www.youtube.com/watch?v=TXXVfGAzcYw,49,79,30,1,सिर्फ दो तीन है। और आपको मालूम है हमारे अंदर क्या फर्क है हमारे जिस्मों में। और यह फर्क कुदरत ने सिर्फ प्रजनन के लिए रीप्रोडक्शन के लिए बनाए हैं। इसके लिए नहीं बनाए कि कौन वाइस चांसलर बनेगा तो कौन प्राइम मिनिस्टर बनेगा और कौन मोटरसाइकिल चलाएगा कौन खाना बनाएगा। कुदरत डायवर्सिटी पसंद करती है। कितनी डायवर्सिटी कि दुनिया में,Y,Y,
TXXVfGAzcYw_19,TXXVfGAzcYw_79_109,TXXVfGAzcYw,TXXVfGAzcYw,hi-IN,Formal,https://www.youtube.com/watch?v=TXXVfGAzcYw,79,109,30,2,"seven बिलियन से ज्यादा लोग हैं, मगर उनमें से दो भी एकदम एक जैसे नहीं है। और कुदरत डाइवर्सिटी बनाती है, मगर भेदभाव नहीं बनाती, वो भेद बनाती है, भेदभाव नहीं बनाती। नेचर मेक्स डाइवर्सिटी बट नॉट हायरार्की, नॉट इनइक्वलिटी। कुदरत ने कभी",Y,Y,
TXXVfGAzcYw_19,TXXVfGAzcYw_109_130,TXXVfGAzcYw,TXXVfGAzcYw,hi-IN,Formal,https://www.youtube.com/watch?v=TXXVfGAzcYw,109,130,21,3,"नहीं कहा कि हाथी चूहे से बेहतर है, गुलाब गेंदे से बेहतर है, मर्द औरत से बेहतर है या औरत मर्द से बेहतर है। कुदरत के बनाए भेद को समाज भेदभाव में, डिस्क्रिमिनेशन में, इनइक्वलिटी में बदल देता है और।",Y,Y,
fMsFjH9urDk_13,fMsFjH9urDk_13_43,fMsFjH9urDk,fMsFjH9urDk,hi-IN,Formal,https://www.youtube.com/watch?v=fMsFjH9urDk,13,43,30,0,"मैं हिंदी में बात करूंगा क्योंकि मेरी जुबान हिंदी है, मैं हिंदी में समझता हूं, हिंदी में बोलता हूं। ओके, मेरा नाम नावेद है, मैं रेडियो जॉकी भी हूं, कंटेंट क्रिएटर भी हूं एंड थैंक यू बिट्स। क्योंकि मुझे ऐसी जगह आके आके यह भी लगता है कि जब मैं बोल रहा होता हूं कुछ और कुछ लोग सुन रहे होते हैं तो मैं बहुत खुश होता हूं इस बात से कि वो लोग सुन रहे हैं जो लोग मुझे समझा भी सकते हैं, जो लोग मुझे सिखा भी सकते हैं।",Y,Y,
fMsFjH9urDk_13,fMsFjH9urDk_43_73,fMsFjH9urDk,fMsFjH9urDk,hi-IN,Formal,https://www.youtube.com/watch?v=fMsFjH9urDk,43,73,30,1,"मैं बाहर कम निकलता हूं। ऐसी पर्सनालिटी नहीं है कि जिससे लोग इम्प्रेस हो जाएं, जिससे लोग खुश हो जाएं। तो मैं अपने आप को छुपा के रखता था। जब शुरू में रेडियो कर रहा था। लेकिन जब दुनिया बदलती रही, काम होता रहा तो मैंने भी सोचा कि मैं अपने आप को लोगों के बीच में जाऊं और लोगों से बात करूं। तो इस सफर की शुरुआत हुई थी जब मैं बहुत छोटा था। मैं एक्चुअली मैं बिलोंग करता हूं यूपी से। यूपी का भी एक बहुत छोटा सा एक डिस्ट्रिक्ट और डिस्ट्रिक्ट के छोटे",Y,Y,
fMsFjH9urDk_13,fMsFjH9urDk_73_80,fMsFjH9urDk,fMsFjH9urDk,hi-IN,Formal,https://www.youtube.com/watch?v=fMsFjH9urDk,73,80,7,2,जैसे गांव में मेरे फादर जो थे वो एक किसान थे अब तो उम्र ज़्यादा हो गई।,Y,Y,
inIms1YrbJk_185,inIms1YrbJk_185_200,inIms1YrbJk,inIms1YrbJk,hi-IN,Excited,https://www.youtube.com/watch?v=inIms1YrbJk,185,200,15,0,एडवांटेज है जो लेखू जी हैं वो हमारे दोस्त बन गए क्योंकि अब इस हाईवे पे हम जब भी जाते हैं हमको फोन करते हैं हम बोलते हैं हम पहुंच रहे हैं इतनी देर में पहुंच रहे हैं जल्दी से खाना लगा दो तो चांस अच्छा है कि जैसे ही अंदर पहुंचेंगे खाना ऑलरेडी रेडी होगा बिल्कुल रिवर के तट पर बैठ के,Y,Y,
inIms1YrbJk_246,inIms1YrbJk_246_276,inIms1YrbJk,inIms1YrbJk,hi-IN,Excited,https://www.youtube.com/watch?v=inIms1YrbJk,246,276,30,0,लेकिन कंफ्यूज मत होइएगा। यह ढाबा हमारा नहीं है लेकिन हम इस ढाबे के ओनर से बड़ा प्यार करते हैं क्योंकि खाना वो बड़ा बढ़िया देता है गरम-गरम हर बारी। और खासकर हमको क्योंकि हम आने से पहले फोन कर देते हैं और तुरंत गरम खाना। तो आज क्या है खाने के लिए? चिकन करी। जबरदस्त खूब सारे मसाले के साथ साबत सूखी लाल मिर्च। बिल्कुल खड़े मसाले और कोई कंजूसी नहीं करी है मिर्ची में देखिए कितनी मिर्ची है।,Y,Y,
inIms1YrbJk_246,inIms1YrbJk_276_289,inIms1YrbJk,inIms1YrbJk,hi-IN,Excited,https://www.youtube.com/watch?v=inIms1YrbJk,276,289,13,1,"तो बहुत ही एक स्पाइसी चिकन है, फ्लेवरफुल चिकन है, रोटी के साथ गरम-गरम जब आप खाएंगे, तो काफी ये प्लेजंट टेस्ट है। लेकिन यहां की हाईलाइट जो है, वो है ट्राउट। लेकिन पहले आप बताइए आपकी प्लेट बड़ी अच्छी लग रही है मेरे को आज फॉर अ चेंज।",Y,Y,
WVHeDS7F38k_0,WVHeDS7F38k_0_30,WVHeDS7F38k,WVHeDS7F38k,hi-IN,Excited,https://www.youtube.com/watch?v=WVHeDS7F38k,0,30,30,0,गुड इवनिंग दोस्तों। सो दोस्तों आज है four जून 2026। शाम को हल्की-हल्की बारिश हो रही है और माहौल देखिए आप क्या सजा हुआ है ना एकदम जबरदस्त तरीके से। काले बादल हैं। बारिश आज थोड़ी सी लंबी चली है यानी एक घंटा नहीं तो बारिश अक्सर है ना 15-20 मिनट ही चलती थी। उसके बाद बंद हो जाती थी पर आप माहौल देखिए चारों तरफ का। लाइटें वगैरह जल चुकी है। हम हैं अपनी वन तारा कोटेज में और यह है हमारी कोटेज जो सेब के बागाओं से घिरी हुई है।,Y,Y,
WVHeDS7F38k_0,WVHeDS7F38k_30_60,WVHeDS7F38k,WVHeDS7F38k,hi-IN,Excited,https://www.youtube.com/watch?v=WVHeDS7F38k,30,60,30,1,यह चारों तरफ से और सामने हमारे बहती है एक सुंदर सी रिवर। तो गेस्ट भाई सभी चेक इन है तो रूम सारे रेडी करके हम दे चुके हैं। बाकी यह देखिए नीचे बह रही है रिवर और वह सामने चल रहा है कुल्लू मनाली कोल्ड हाईवे जो जिसको हम नगर रोड भी बोलते हैं। तो फिलहाल ऐसा कुछ माहौल। यह है हमारी प्रॉपर्टी और हमारे गेस्ट बढ़िया मस्त छतरी लेकर घूम रहे हैं। हेलो बेटा कैसे हो? हेलो,Y,Y,
WVHeDS7F38k_0,WVHeDS7F38k_60_70,WVHeDS7F38k,WVHeDS7F38k,hi-IN,Excited,https://www.youtube.com/watch?v=WVHeDS7F38k,60,70,10,2,कैसे हो? अच्छे हो? कैसा लगा? अच्छा लगा? वेरी गुड। भाई।,Y,Y,
pK5aQfHIOt8_0,pK5aQfHIOt8_0_30,pK5aQfHIOt8,pK5aQfHIOt8,hi-IN,Angry,https://www.youtube.com/shorts/pK5aQfHIOt8,0,30,30,0,"तुम्हारी हिम्मत कैसे हुई मेरे डैड पर हाथ उठाने की? कितने दिन से जानती हूँ मैं तुम्हें? दो दिन? अरे नहीं, मैं तब से जानती हूँ जब से मैं पैदा हुई थी। ये मेरे डैड हैं। ये गलत तो कभी हो ही नहीं सकते। इसलिए क्या नाम बताया था तुमने अपना? ऋषभ। ऋषभ रॉय। जितनी आसानी से मैं तुम्हारा नाम भुला सकती हूँ ना, उतनी आसानी से इस रिश्ते",Y,Y,
pK5aQfHIOt8_0,pK5aQfHIOt8_30_53,pK5aQfHIOt8,pK5aQfHIOt8,hi-IN,Angry,https://www.youtube.com/shorts/pK5aQfHIOt8,30,53,23,1,"को भी खत्म कर सकती हूं। मेरे डैड ना एक बिजनेसमैन है। और बिजनेस के उसोलों से देखा जाए तो 20 साल का रिश्ता दो दिन के रिश्ते पर भारी पड़ेगा। ओह गॉड, मैं फिर से तुम्हारा नाम भूल गई। ऋषभ। ऋषभ रॉय। जस्ट गेट आउट एंड गेट लॉस्ट फ्रॉम हिम।",Y,Y,
84iFWmleVWU_0,84iFWmleVWU_0_30,84iFWmleVWU,84iFWmleVWU,hi-IN,Angry,https://www.youtube.com/shorts/84iFWmleVWU,0,30,30,0,"अब मेरी सुनो। मैं तुमसे पहले भी कहा था और अब भी कह रही हूं क्लियर वर्ड्स पे। मैं शादी करने के बिल्कुल भी मूड में नहीं हूं। और अभी पांच साल तो बिल्कुल नहीं रोहन। और इसीलिए मैंने तुम्हारे घर वालों को मना किया था। तुमने क्या किया? मेरे घर पे शगुन लेके भेज दिया। मैंने बहुत सारी प्रॉब्लम्स देखी है, एक नॉर्मल लाइफ नहीं जी है मैंने। और मुझे अपनी लाइफ में नॉर्मल लड़कियों की तरह घर गृहस्थी नहीं संभालनी, बच्चे पैदा नहीं करने, यह नहीं है मेरा ऐम। हां, मुझे तुम पसंद हो।",Y,Y,
84iFWmleVWU_0,84iFWmleVWU_30_42,84iFWmleVWU,84iFWmleVWU,hi-IN,Angry,https://www.youtube.com/shorts/84iFWmleVWU,30,42,12,1,मैं शादी नहीं कर सकती हूँ और ये मेरा लास्ट डिसीजन है। अगर तुम्हें ये चीज़ पसंद है और तुम मेरा इस पर सपोर्ट करते हो तो मैं तुमसे शादी करने के लिए आगे सोचूँगी।,Y,Y,
0JoEPjV004M_0,0JoEPjV004M_0_30,0JoEPjV004M,0JoEPjV004M,hi-IN,Angry,https://www.youtube.com/shorts/0JoEPjV004M,0,30,30,0,"अरे आपको दिक्कत क्या है हमसे? कम से कम हम कोशिश तो कर रहे हैं ना। बाकी मोहल्ले के लौंडों के जैसे सड़क पे आवारागर्दी तो नहीं कर रहे हैं, लंटाई तो नहीं कर रहे हैं। पढ़ाई में ध्यान दिए होते तो। अरे नहीं गया ध्यान पढ़ाई पे। नहीं समझता हमको क्या करें, दिमाग कम आए क्या करें। आप यहीं से मिला है दिमाग हमको। आप यहीं का डीएनए है हमारे अंदर। आप में था दिमाग? आप यहीं से बोल रहे हैं, आप में था दिमाग? अम्मा में है, लगता है आपको?",Y,Y,
0JoEPjV004M_0,0JoEPjV004M_30_34,0JoEPjV004M,0JoEPjV004M,hi-IN,Angry,https://www.youtube.com/shorts/0JoEPjV004M,30,34,4,1,,,,
qqgXhkna_t4_0,qqgXhkna_t4_0_30,qqgXhkna_t4,qqgXhkna_t4,hi-IN,Angry,https://www.youtube.com/shorts/qqgXhkna_t4,0,30,30,0,"अभी तक तेरी हर गलती को मैं सोच के माफ करता आया हूं कि तू भी बच्चा, अबोध, नादान और मूर्ख है। लेकिन आज तूने साबित कर दिया कि तू अब बच्चा नहीं बल्कि कृतज्ञ, दुराचारी और दंभी मनुष्य है जो सत्ता के मत में यह भी भूल गया कि तुझे मनुष्य बनाए किसने। तूने मुझे नहीं जाना। मुझे नहीं पहचाना। मैं कृष्ण हूं। मैं वो हूं जिसके प्रेम से पूरा संसार तरसता और जिसके क्रोध से समस्त",Y,Y,
qqgXhkna_t4_0,qqgXhkna_t4_30_39,qqgXhkna_t4,qqgXhkna_t4,hi-IN,Angry,https://www.youtube.com/shorts/qqgXhkna_t4,30,39,9,1,"मान करता है। मैं जन्म हूं, मैं ही हूं, मृत्यु में अनादि हूं। इसलिए मैं था, मैं हूं और सदैव रहूंगा। लेकिन याद रख दुर्योधन, मैं हमेशा तेरे काल का मैं रहूंगा।",Y,Y,
zGIpp36Bt0g_0,zGIpp36Bt0g_0_7,zGIpp36Bt0g,zGIpp36Bt0g,hi-IN,Whisper,https://www.youtube.com/shorts/zGIpp36Bt0g,0,7,7,0,"आज का दिन बस खत्म होने वाला है, तो एक स्वीट सी गुड नाइट हग।",Y,Y,
Zc18Txx_k1c_25,Zc18Txx_k1c_25_55,Zc18Txx_k1c,Zc18Txx_k1c,hi-IN,Whisper,https://www.youtube.com/watch?v=Zc18Txx_k1c,25,55,30,0,"अरे नमस्ते नमस्ते आइए, क्या हाल चाल है आपके? बस आप बताइए। और कैसी जरूरत पड़ी? काफी लंबा समय हो गया आपसे मिले हुए। अच्छा। हां, मैं वही सोच रहा था कि आए नहीं काफी समय से। पता नहीं कहीं घर शिफ्ट कर लिया कि क्या हो गया। अच्छा अच्छा हां। जी अब तो मतलब आपका रास्ता भी अलग से निकलता है, हां। चलिए नेबर बड़ा अच्छा लगा। कुछ चाय पानी वगैरह कुछ।",Y,Y,
Zc18Txx_k1c_25,Zc18Txx_k1c_55_63,Zc18Txx_k1c,Zc18Txx_k1c,hi-IN,Whisper,https://www.youtube.com/watch?v=Zc18Txx_k1c,55,63,8,1,और बताइए क्या सेवा है? टिकट बुक करानी है। अच्छा।,Y,Y,
Zc18Txx_k1c_86,Zc18Txx_k1c_86_112,Zc18Txx_k1c,Zc18Txx_k1c,hi-IN,Whisper,https://www.youtube.com/watch?v=Zc18Txx_k1c,86,112,26,0,"तो अभी दरअसल पिछले दो महीने में कुछ टाइमिंग में चेंजेस हुई थी तो पता करना पड़ेगा, कंफर्म करना पड़ेगा कि क्या टाइमिंग्स हैं अब। जी दो टाइम पे निकलती हैं। एक एक शाम के chaar बजे four पीएम और एक निकलती है सुबह six बजे, सवा six बजे दो टाइम पे। जी सोच लीजिए आप।",Y,Y,
Zc18Txx_k1c_118,Zc18Txx_k1c_118_131,Zc18Txx_k1c,Zc18Txx_k1c,hi-IN,Whisper,https://www.youtube.com/watch?v=Zc18Txx_k1c,118,131,13,0,सुबह सुबह ज्यादा रश नहीं मिलेगा आपको अगर आप अगर एडजस्ट कर सकते हैं तो मेरे ख्याल से सुबह का टाइम बड़ा अच्छा रहेगा आपके लिए। आप तो वैसे ही सुबह उठने वाले हैं। तो सुबह का ही कर देता हूं।,Y,Y,
7-q8EvCGZzI_0,7-q8EvCGZzI_0_15,7-q8EvCGZzI,7-q8EvCGZzI,hi-IN,Whisper,https://www.youtube.com/shorts/7-q8EvCGZzI,0,15,15,0,"सुनो, आप मेरे चैनल को लाइक, सब्सक्राइब, शेयर क्यों नहीं करते? वैसे इस तरह से धीमी आवाज में बात करने को, खुसर-फुसर करने को इंग्लिश में कहते हैं विस्पर। वो लड़कियां तुम्हारे बारे में खुसर-फुसर।",Y,Y,
JYjf85P4N0Y_0,JYjf85P4N0Y_0_30,JYjf85P4N0Y,JYjf85P4N0Y,hi-IN,Whisper,https://www.youtube.com/watch?v=JYjf85P4N0Y,0,30,30,0,"हेलो, नमस्ते। स्वागत है आपका हमारे फास्ट फूड कॉर्नर में। जी, बड़ा अच्छा लगा कि आप आए वापस। जी, दरअसल हमने पिछले कुछ समय से दुकान अपनी बंद करके रखी थी क्योंकि वो लॉकडाउन वगैरह का चक्कर पड़ रहा था। तो लोग वैसे भी नहीं आ रहे थे और अगर आ भी रहे थे तो कभी कभार पुलिस आती थी और वो दुकान बंद करवा के चली जाती थी। सो,",Y,Y,
JYjf85P4N0Y_0,JYjf85P4N0Y_30_60,JYjf85P4N0Y,JYjf85P4N0Y,hi-IN,Whisper,https://www.youtube.com/watch?v=JYjf85P4N0Y,30,60,30,1,"जी, इस वजह से हम नहीं खुल पा रहे थे। तो अब क्या खाना चाहेंगे? चाउमीन या मोमो? ये दो चीजें हम रखते हैं। चाय चाहिए तो चाय पी ले, पैसे मिल रहे हैं। जी। मोमोज, ओके। तो अब ये तैयार नहीं हुए हैं तो आपको थोड़ी देर इंतजार करना पड़ेगा। बस कुछ मिनट की बात है। ओके। और",Y,Y,
YAunXxhGZ5c_0,YAunXxhGZ5c_0_30,YAunXxhGZ5c,YAunXxhGZ5c,en-IN,Calm,https://www.youtube.com/watch?v=YAunXxhGZ5c,0,30,30,0,"The first question. Bhagwan, people are wondering what will happen when you are gone? When you leave your body, will the ashram become a dead institution and will you just become dead?",Y,Y,
YAunXxhGZ5c_0,YAunXxhGZ5c_30_60,YAunXxhGZ5c,YAunXxhGZ5c,en-IN,Calm,https://www.youtube.com/watch?v=YAunXxhGZ5c,30,60,30,1,"deified and forgotten. My concern is the immediate this moment. Beyond this moment, nothing exists.",Y,Y,
9c6U_iZ3qBg_6,9c6U_iZ3qBg_6_36,9c6U_iZ3qBg,9c6U_iZ3qBg,en-IN,Calm,https://www.youtube.com/watch?v=9c6U_iZ3qBg,6,36,30,0,"Unfortunately, this has been the way of the humanity. When they feel helpless, they bow down, when they feel a little powerful, they step on your head. There's nothing new about it in this world. So devotion means just that, to change that. That you do not choose whether situations or people to as to how you are. You are.",Y,Y,
9c6U_iZ3qBg_6,9c6U_iZ3qBg_36_66,9c6U_iZ3qBg,9c6U_iZ3qBg,en-IN,Calm,https://www.youtube.com/watch?v=9c6U_iZ3qBg,36,66,30,1,"or the way you are. That your way of being is not anymore determined by who is standing in front of you. That's the idea of devotion. Everything else, whatever other values you know, other ways of behavior you know with people, always is determined by who's standing in front of you right now and what kind of situation are you in right now. Devotion means just that. Somebody is there.",Y,Y,
9c6U_iZ3qBg_6,9c6U_iZ3qBg_66_90,9c6U_iZ3qBg,9c6U_iZ3qBg,en-IN,Calm,https://www.youtube.com/watch?v=9c6U_iZ3qBg,66,90,24,2,"Nobody is there, whoever is there. Whatever the situation, you are still the same person. This is the best way to establish your way of being. Right now that's the whole problem. You are still too much of a flux. When you're so much of a flux, how to take you anywhere?",Y,Y,
4ZQkYSpmOdU_38,4ZQkYSpmOdU_38_68,4ZQkYSpmOdU,4ZQkYSpmOdU,en-IN,Calm,https://www.youtube.com/watch?v=4ZQkYSpmOdU,38,68,30,0,"Say, this is an unfortunate condition that a whole lot of human beings are in. In their experience, in their personal experience, life is like me versus the universe. Being in competition with the universe is a stupid thing to do. That's not a competition you must get into. Hello? Me versus the universe is a bad competition to get into. What do you also agree with?",Y,Y,
Lvha4l-Jkt8_0,Lvha4l-Jkt8_0_30,Lvha4l-Jkt8,Lvha4l-Jkt8,hi-IN,Calm,https://www.youtube.com/watch?v=Lvha4l-Jkt8,0,30,30,0,"चुपचाप खुद को निखारो। संसार को बताने से पहले स्वयं को बनाने की कला सीखो। बहुत लोग अपने सपनों की घोषणा कर देते हैं, पर उन्हें पूरा करने का धैर्य नहीं रखते। बहुत लोग अपनी योजनाओं का शोर करते हैं, पर अपने भीतर की कमजोरी से जीत नहीं पाते। बहुत लोग दुनिया को दिखाना चाहते हैं कि वे क्या बनने वाले हैं, पर स्वयं से यह नहीं पूछते कि वे आज क्या हैं। इसलिए सबसे पहली बात समझो, घोषणा से जीवन नहीं बदलता।",Y,Y,
Lvha4l-Jkt8_0,Lvha4l-Jkt8_30_60,Lvha4l-Jkt8,Lvha4l-Jkt8,hi-IN,Calm,https://www.youtube.com/watch?v=Lvha4l-Jkt8,30,60,30,1,"मन से बदलता है। शोर से सम्मान नहीं मिलता, मूल्य से मिलता है। आज का मनुष्य एक विचित्र दौड़ में है। वह चाहता है कि लोग उसे बड़ा माने। उससे पहले कि वह बड़ा बने। वह चाहता है कि लोग उसकी तारीफ करें। उससे पहले कि वह प्रशंसा योग्य बने। वह चाहता है कि दुनिया उसे गंभीरता से ले, जबकि उसने स्वयं को अभी तक गंभीरता से लिया ही नहीं। यही दुख है। मनुष्य परिणाम चाहता है, प्रक्रिया से बचना चाहता है। लेकिन",Y,Y,
Lvha4l-Jkt8_0,Lvha4l-Jkt8_60_70,Lvha4l-Jkt8,Lvha4l-Jkt8,hi-IN,Calm,https://www.youtube.com/watch?v=Lvha4l-Jkt8,60,70,10,2,"प्रकृति का नियम स्पष्ट है। बीज पहले मिट्टी में छुपता है, तब वृक्ष बनता है। जड़े पहले अंधेरे में बढ़ती हैं, तब शाखाएं आकाश छूती हैं।",Y,Y,
h2O-a7_5giM_0,h2O-a7_5giM_0_30,h2O-a7_5giM,h2O-a7_5giM,hi-IN,Calm,https://www.youtube.com/watch?v=h2O-a7_5giM,0,30,30,0,"अभी आपको जीवन का कोई अनुभव नहीं है, मुख्य रूप से आप बस विचारों, भावनाओं, धारणाओं, राय और पक्षपातों का एक पुलिंदा हैं। आप अपने मानसिक नाटक को ही जीवन मान बैठे। आपको देखना चाहिए लोग कैसे मरते हैं, यह बहुत महत्वपूर्ण है। अगर आप लोगों को मरते हुए देखें, तो दुनिया के 80 percent से ज़्यादा लोगों को मौत का पल आने पर।",Y,Y,
h2O-a7_5giM_0,h2O-a7_5giM_30_60,h2O-a7_5giM,h2O-a7_5giM,hi-IN,Calm,https://www.youtube.com/watch?v=h2O-a7_5giM,30,60,30,1,"कोई दर्द नहीं होता, कोई डर भी नहीं होता, पर आप उनके चेहरे पर हैरानी देखेंगे। वो ऐसे जाते हैं क्योंकि ये कुछ ऐसा ही है कि आप टिकट लेकर फिल्म देखने सिनेमा हॉल गए, सीट पर बैठे पर ट्रेलर देखते देखते ही सो गए और फिल्म खत्म होने पर जब उन्होंने बत्तियां जलाईं तब आप जागे। क्या फिल्म खत्म हो गई? ज़्यादातर लोग",Y,Y,
h2O-a7_5giM_0,h2O-a7_5giM_60_70,h2O-a7_5giM,h2O-a7_5giM,hi-IN,Calm,https://www.youtube.com/watch?v=h2O-a7_5giM,60,70,10,2,"ऐसे ही मर रहे हैं। यह मरने का सबसे दुर्भाग्यपूर्ण तरीका है क्योंकि इससे पहले कि आप अपना खाता खोलें, सब खत्म। आपके अपने विचारों और।",Y,Y,
Qiq5ulwT-_4_61,Qiq5ulwT-_4_61_91,Qiq5ulwT-_4,Qiq5ulwT-_4,hi-IN,Calm,https://www.youtube.com/watch?v=Qiq5ulwT-_4,61,91,30,0,"मान लीजिए अचानक आपको पता चले कि इन युवतियों में से कोई पिछले जन्म में आपकी मां थी। आप आंख में आंसू लेकर उसके पास गए पर उसे यह पसंद नहीं आएगा। अब आप उसे नजरअंदाज भी नहीं कर सकते क्योंकि वह आपकी मां है, सारी भावनाएं वापस आ जाएंगी। गहरी भावनाएं। जो बातें अनकही और अधूरी रह गई थी, अब आप पूरी करना चाहेंगे लेकिन वह तैयार नहीं। वह युवा महिला है।",Y,Y,
Qiq5ulwT-_4_61,Qiq5ulwT-_4_91_101,Qiq5ulwT-_4,Qiq5ulwT-_4,hi-IN,Calm,https://www.youtube.com/watch?v=Qiq5ulwT-_4,91,101,10,1,"आपकी माँ नहीं, वह आप पर हंसेगी। इससे भी बुरा, यह लड़का जो आपके सामने बैठा है, आपको अचानक याद आए कि पिछले जन्म में यह आपकी।",Y,Y,
uAZAejWeacQ_0,uAZAejWeacQ_0_30,uAZAejWeacQ,uAZAejWeacQ,en-IN,Motivation,https://www.youtube.com/shorts/uAZAejWeacQ,0,30,30,0,"While the secret of success is hidden in these minute things and not in big philosophies, if we understand small things, big ones will also be understood automatically. And what is that small thing that I'm talking about? That be it a job interview, be it dancing, be it a business, or be it anything in the world, it just seems to be difficult. In reality, it is neither difficult nor easy.",Y,Y,
uAZAejWeacQ_0,uAZAejWeacQ_30_41,uAZAejWeacQ,uAZAejWeacQ,en-IN,Motivation,https://www.youtube.com/shorts/uAZAejWeacQ,30,41,11,1,"For those who believe it to be difficult for them. So today or tomorrow, it keeps getting more and more difficult for them. And for those who believe it's easy for them, it keeps getting easier for them.",Y,Y,
gmjddOpBLdo_0,gmjddOpBLdo_0_30,gmjddOpBLdo,gmjddOpBLdo,en-IN,Motivation,https://www.youtube.com/watch?v=gmjddOpBLdo,0,30,30,0,"I will tell you small few things. I hope it it helps you. So the kind of stage you are in right now, all the kids, not to the parents, but all the kids, the kind of stage you are in right now, you're going to go and start fighting with the world. This is the stage when you have prepared yourself very you have prepared yourself properly and you're ready to go and fight the world. This is the stage when your teachers, your parents, your neighbors, your granddads, uncle, aunty, liftman, milkwala, everyone going to come to you and give you advice.",Y,Y,
y_EWt8jpzFY_0,y_EWt8jpzFY_0_30,y_EWt8jpzFY,y_EWt8jpzFY,en-IN,Motivation,https://www.youtube.com/shorts/y_EWt8jpzFY,0,30,30,0,"This is a serious mistake a whole generations of people have done. That if you study, how should you study? Hard. You must study hard. If you work, how should you work? You must work hard. Why didn't they tell you you must study joyfully? Why didn't they tell you you must work lovingly? No, you must do everything hard and then you complain. You complain about everything in life because you're doing everything hard. There is substantial",Y,Y,
y_EWt8jpzFY_0,y_EWt8jpzFY_30_55,y_EWt8jpzFY,y_EWt8jpzFY,en-IN,Motivation,https://www.youtube.com/shorts/y_EWt8jpzFY,30,55,25,1,,,,
gmjddOpBLdo_52,gmjddOpBLdo_52_71,gmjddOpBLdo,gmjddOpBLdo,en-IN,Motivation,https://www.youtube.com/watch?v=gmjddOpBLdo,52,71,19,0,"my advice to you, of course, I want to be one of the doodhwalas and the gatekeeper and the lift man. My advice to you is listen to everyone, especially your parents, your teachers, your guide. Listen to everyone because I want to believe everyone wants good for you. But at the end, do what",Y,Y,
oEA_iOCxkG8_0,oEA_iOCxkG8_0_30,oEA_iOCxkG8,oEA_iOCxkG8,en-IN,Motivation,https://www.youtube.com/shorts/oEA_iOCxkG8,0,30,30,0,"No matter what, whatever your life situation, disease, death, divorce, whatever the hell is happening in your life. Even if the worst things are happening to you, still there is no reason for you to get frustrated, miserable, depressed, whatever because you came here with nothing. Whatever is happening, you're anyway on the profit side. And there is an assurance when you go, there is nothing to take. What are you crying about?",Y,Y,
oEA_iOCxkG8_0,oEA_iOCxkG8_30_46,oEA_iOCxkG8,oEA_iOCxkG8,en-IN,Motivation,https://www.youtube.com/shorts/oEA_iOCxkG8,30,46,16,1,"What is it? No, no, no, you know what they said, what they did, they looked at me like this, they said this, they said that, they did this, they did that. It doesn't matter who did what. Just see what a dastardly thing you're doing to yourself when you make yourself.",Y,Y,
DTz5ZzoSuj8_113,DTz5ZzoSuj8_113_143,DTz5ZzoSuj8,DTz5ZzoSuj8,hi-IN,Motivation,https://www.youtube.com/watch?v=DTz5ZzoSuj8,113,143,30,0,"काम को करने से, सोचने से नहीं। दैट इज पॉइंट नंबर वन। हम लोग क्या करते हैं? सोचते रहते हैं। इसको बोलते हैं पैरालिसिस ऑफ एनालिसिस। बैठे-बैठे अपने दिमाग में कुछ-कुछ कुछ-कुछ सोचते रहते हैं। और उस सोच का भी सेंटर पॉइंट क्या होता है कि ये करने से फायदा क्या है? और इसका नुकसान क्या है? इसीलिए हम अटक जाते हैं। बट जब भी कुछ नया सीखना होता है क्योंकि हमारा माइंड ऐसा है कि हमें ये लगता है कि एक बार स्कूल खत्म, कॉलेज खत्म तो पढ़ाई खत्म।",Y,Y,
DTz5ZzoSuj8_113,DTz5ZzoSuj8_143_173,DTz5ZzoSuj8,DTz5ZzoSuj8,hi-IN,Motivation,https://www.youtube.com/watch?v=DTz5ZzoSuj8,143,173,30,1,"अब लर्निंग का फेज तो खत्म, अब कमाने का फेज शुरू हो गया है। व्हाट इफ आई से कि द फील्ड दैट यू आर इन और मैं आपकी बात नहीं कर रहा, मैं किसी की भी बात कर रहा हूं, किसी भी फील्ड में आप लोग हो, क्या हो कि वो जो काम अभी आप कर रहे हो, वहां पर कोई मेजर स्लो डाउन आ जाए या आपकी जॉब चली जाए और उसके बाद में और कंपनीज में जॉब ना मिल पाए। यानी कि जो पैसा आ रहा है जिसके अकॉर्डिंग आपने कुछ खर्चे बांध लिए हैं और अपनी फैमिली को भी सपोर्ट कर रहे हो, खुद को भी सपोर्ट कर रहे हो, वो अगर एकदम से बंद",Y,Y,
DTz5ZzoSuj8_113,DTz5ZzoSuj8_173_190,DTz5ZzoSuj8,DTz5ZzoSuj8,hi-IN,Motivation,https://www.youtube.com/watch?v=DTz5ZzoSuj8,173,190,17,2,"एक्सप्लेन इट टू मी। क्या रियल एस्टेट सेक्टर में अलग-अलग कंट्रीज में मेजर स्लो डाउन्स आए हैं या नहीं आए हैं? और वो स्लो डाउन कोई दो चार पांच दिन के लिए नहीं होते हैं, कई सालों के लिए होते हैं। फिर वापस बूम आता है, इट्स लाइक अ साइकिल।",Y,Y,
0gDTwr0CEkA_0,0gDTwr0CEkA_0_30,0gDTwr0CEkA,0gDTwr0CEkA,hi-IN,Motivation,https://www.youtube.com/shorts/0gDTwr0CEkA,0,30,30,0,"अगर आपके शरीर को नहीं लग रहा कि जीवन कठिन है। शरीर, मन नहीं। इसका मतलब आप कुछ भी सार्थक नहीं कर रहे। आपका शरीर लगातार खींचना चाहिए। इसे शिकायत करना चाहिए। लेकिन आप शिकायत मत कीजिए। यही शरीर की प्रकृति है। इसे जितना ज्यादा खींचेंगे, उतना ही मजबूत बनेगा, उतना ही बेहतर बनेगा। इसका मतलब यह नहीं कि आप बस कुछ करते रहें, करते ही रहें। इसका मतलब किसी ना किसी तरह।",Y,Y,
0gDTwr0CEkA_0,0gDTwr0CEkA_30_60,0gDTwr0CEkA,0gDTwr0CEkA,hi-IN,Motivation,https://www.youtube.com/shorts/0gDTwr0CEkA,30,60,30,1,आप लगातार अपग्रेड हो रहे हैं। चाहे बाहरी काम हो या आंतरिक काम। अपग्रेडेशन इस स्तर तक होना चाहिए कि आप जहां भी खड़े हो अलग नजर आए। यह किसी से कंपटीशन नहीं है। लेकिन इस जीवन को पूरी क्षमता तक पहुंचना चाहिए। साधना पथ का यही मतलब है। अगर आप इसका सही इस्तेमाल करें तो हमेशा इस समय को इंश्योरेंस की तरह देखेंगे। जीवन आपके सामने चाहे जो भी लाए।,Y,Y,
0gDTwr0CEkA_0,0gDTwr0CEkA_60_69,0gDTwr0CEkA,0gDTwr0CEkA,hi-IN,Motivation,https://www.youtube.com/shorts/0gDTwr0CEkA,60,69,9,2,आप देखेंगे कि कोई भी चीज आपको गिरा नहीं पाएगी।,Y,Y,
mZhuYq4PDCY_0,mZhuYq4PDCY_0_15,mZhuYq4PDCY,mZhuYq4PDCY,hi-IN,Motivation,https://www.youtube.com/shorts/mZhuYq4PDCY,0,15,15,0,"दुनिया के five percent लोग गर्दन के ऊपर वाले हिस्से से कमाते हैं, गर्दन के ऊपर वाले हिस्से को इतना मजबूत रखते हैं कि पूरी दुनिया को यह अपने काबू में कर सकता है, इस हिस्से में इतनी ताकत है।",Y,Y,
sGAe5K79h-g_0,sGAe5K79h-g_0_30,sGAe5K79h-g,sGAe5K79h-g,hi-IN,Narration,https://www.youtube.com/watch?v=sGAe5K79h-g,0,30,30,0,"मैं सच्ची कहानियां सुनाना पसंद करता हूँ, झूठ बोलने से बचता हूँ। मैं आपको तीन चार छोटी-छोटी कहानियां सुना रहा हूँ। ये सारी कहानियां सच्ची हैं। एक-एक प्रतिशत सच्ची हैं। पर मैं किसी का नाम नहीं लूँगा। जिनकी कहानियां हैं उनका नाम नहीं लूँगा, उनकी प्राइवेसी का मामला है। पर हाँ, सच्ची कहानियां हैं। अच्छी बात है कि इन कहानियों के किरदार हम लोग नहीं बने। ईश्वर के लिए हम कभी ना बने, लेकिन कहानियां सच्ची हैं। जब मैं दिल्ली आया था 1990 में।",Y,Y,
sGAe5K79h-g_0,sGAe5K79h-g_30_60,sGAe5K79h-g,sGAe5K79h-g,hi-IN,Narration,https://www.youtube.com/watch?v=sGAe5K79h-g,30,60,30,1,"मैं हरियाणा के एक शहर से भिवानी से दिल्ली आया था पढ़ने के लिए। मेरे ड्रीम कॉलेजेस में हंसराज भी था पर मेरा संयुक्त से मेरा एडमिशन ज़ाकिर हुसैन में हुआ। मेरे अंक ठीक थे यहां हो सकता था पर मैं तो नई दिल्ली स्टेशन पर उतरा, बाहर निकला, पता लगा वहीं एक कॉलेज है, वहीं एडमिशन ले लिया मैंने। तो लोगों ने कहा कि यार कैंपस बड़ा अच्छा होता है, मेरा यार क्या फर्क पड़ता है, कॉलेज कॉलेज होता है, छंडो। यही छंडो में सिखाने आया हूं आप लोगों को।",Y,Y,
sGAe5K79h-g_0,sGAe5K79h-g_60_90,sGAe5K79h-g,sGAe5K79h-g,hi-IN,Narration,https://www.youtube.com/watch?v=sGAe5K79h-g,60,90,30,2,"ठीक है। स्टेशन से निकले वही कॉलेज है, मैंने घर जाना होगा तो आराम से कॉलेज से निकल जाएंगे। क्या रखा है कैंपस में? पर मेरा एक दोस्त जो मेरे साथ ही आया था उसी शहर से, उसने एडमिशन हंसराज कॉलेज में लिया। मैं और वो स्कूल के डिबेटर्स थे। डिबेटिंग में हम लोग स्कूल टाइम से काफी एक्टिव थे। डीयू में आए तो यहां भी एक्टिव रहे। डीयू में मैंने करीब five साल डिबेटिंग किया, मेरा ख्याल है कि लगभग मतलब three-400 डिबेट्स",Y,Y,
p0KLEJxNEjk_16,p0KLEJxNEjk_16_46,p0KLEJxNEjk,p0KLEJxNEjk,hi-IN,Narration,https://www.youtube.com/watch?v=p0KLEJxNEjk,16,46,30,0,मन में यह आए कि यहां यह बात अटक गई यह बात नहीं हुई कोई भी लक्ष्य तुम्हारे जीवन से बड़ा नहीं है सबसे बड़ी चीज तुम्हारी खुद की जिंदगी है सबसे पहली चीज तुम्हारी जिंदगी है मेरे पिताजी भाई साहब एक छोटे से गांव में बहुत गरीब से निम्न मध्यम वर्गीय परिवार में मेरे पिताजी ने जन्म लिया उस गांव के वह पहले ग्रेजुएट पहले पोस्ट ग्रेजुएट पहले पीएचडी पहले प्रोफेसर दसवीं करके वहां बीजी,Y,Y,
p0KLEJxNEjk_16,p0KLEJxNEjk_46_76,p0KLEJxNEjk,p0KLEJxNEjk,hi-IN,Narration,https://www.youtube.com/watch?v=p0KLEJxNEjk,46,76,30,1,"इंस्पेक्टर की नियुक्ति करने वाले लोग आए। एक बीज इंस्पेक्टर तुम तो जानते भी नहीं होगे, एक सीट इंस्पेक्टर होता है गांव में वो सीट की क्वालिटी चेक करता है। लोअर डिवीजन क्लर्क से भी नीचे का काम होता है। वो सबसे मेधावी बच्चे थे। गांव से चार बच्चे सिलेक्ट हुए उनमें से तीन को नौकरी मिल गई और मेरे पिताजी को नहीं मिली। और मेरे पिताजी बड़े परेशान हुए कि बताइए 11वीं में ही कमाने लायक हो जाता। लेकिन फिर वो प्रोफेसर हुए आज हमारा सबसे बड़ा भाई इंजीनियर है, एक वाइस चांसलर है, एक मैं हूं, सब लोग अपनी-अपनी जगहों पर हैं। अगर",Y,Y,
p0KLEJxNEjk_16,p0KLEJxNEjk_76_80,p0KLEJxNEjk,p0KLEJxNEjk,hi-IN,Narration,https://www.youtube.com/watch?v=p0KLEJxNEjk,76,80,4,2,,,,
DFTMNmTJF_A_19,DFTMNmTJF_A_19_49,DFTMNmTJF_A,DFTMNmTJF_A,en-IN,Narration,https://www.youtube.com/watch?v=DFTMNmTJF_A,19,49,30,0,"Fast forward six months, I am woken up by my mother. The police called. They have found a body on the shore with Aditya's phone and wallet. Why is it so cold? Did I leave the AC on? Brother is coming home on Thursday. I have planned the entire weekend. Clue hunt, Imagica, karaoke. Am I awake? Did Ma say something? Police",Y,Y,
DFTMNmTJF_A_19,DFTMNmTJF_A_49_79,DFTMNmTJF_A,DFTMNmTJF_A,en-IN,Narration,https://www.youtube.com/watch?v=DFTMNmTJF_A,49,79,30,1,"body. Aditya. If the specifics matter, he's my cousin, Masi ka beta. But for me, he's always been an annoying git, a royal pain in the ass. Four years senior and a foot taller, he'd always complain. Ashu, you grew shorter, huh? And I'd obviously get annoyed because that's what sisters are supposed to do in the banter. One day when I was eight years old, my brother and I were traveling by bus to",Y,Y,
8VSfKAmPglo_21,8VSfKAmPglo_21_51,8VSfKAmPglo,8VSfKAmPglo,en-IN,Narration,https://www.youtube.com/watch?v=8VSfKAmPglo,21,51,30,0,"17th of July. Similarly, after an event, I headed out with two of my friends. I was going home where there was one guy, one girl, and of course me. So then the girl was like, why don't you both come to our place? We can just chill for a while. And I was like, I need to head really far. I stay at Thane. I need to head really far. So I'm leaving. And the other guy was also like, the girl was fine with it.",Y,Y,
8VSfKAmPglo_21,8VSfKAmPglo_51_81,8VSfKAmPglo,8VSfKAmPglo,en-IN,Narration,https://www.youtube.com/watch?v=8VSfKAmPglo,51,81,30,1,But she just ended it saying that watch it you're missing a chance to chill with two beautiful women and I have a roommate who's a bong and she's pretty hot. So the guy with me was like bro chalte hai bro. Dekhte hai kya hota hai. I was like nahi bro bahut door jaana hai. Then he was like nahi he was sure that he had to go over there at that point of time. So tu wingman ban tu aa ja bas. Okay fine let's go. So around nine nine:30 ish we reached,Y,Y,
8VSfKAmPglo_21,8VSfKAmPglo_81_111,8VSfKAmPglo,8VSfKAmPglo,en-IN,Narration,https://www.youtube.com/watch?v=8VSfKAmPglo,81,111,30,2,"this girl's house. And this guy on the way carried a bottle of wine for that girl, for the Bong girl. And everything was cool, so we went, we settled in the hall of the house. It was small, cute one BHK. We settled over there. So suddenly from the passage, there's a girl coming walking. Short, relatively five'two"" would be her height, dense black hair, very pretty, wearing a tank top and hot pants. She was looking really very pretty.",Y,Y,
8VSfKAmPglo_21,8VSfKAmPglo_111_138,8VSfKAmPglo,8VSfKAmPglo,en-IN,Narration,https://www.youtube.com/watch?v=8VSfKAmPglo,111,138,27,3,"She had four wine glasses in her hand and she poured the wine and all of that and she was passing it on to everybody. Oh, did I tell you that day I was not going to drink because I was not feeling well, but she just gave it to me and I couldn't deny it. The smile was that sweet. So, after a point in time we sat in the bedroom all four of us, we started chatting, getting to know each other, lights got dims, we were playing songs and in due course of time played this song Careless Whisper by George Michael.",Y,Y,
cPtQSTpT7Ug_0,cPtQSTpT7Ug_0_30,cPtQSTpT7Ug,cPtQSTpT7Ug,hi-IN,Happy,https://www.youtube.com/watch?v=cPtQSTpT7Ug,0,30,30,0,मैं आ गई। जल्दी बता अब क्या बताना है। कौन शादी कर रही है? एक मिनट। किसके साथ? वो हलवाई का बेटा कुनाल। एक सेकंड। मुझे पता था तुम्हारा चक्कर चल रहा है। नहीं नहीं ऐसा कुछ नहीं है। वो तो मुझे बस छोड़ दिया था। वो तो मेरे दोस्त है। शट अप!,Y,Y,
cPtQSTpT7Ug_0,cPtQSTpT7Ug_30_60,cPtQSTpT7Ug,cPtQSTpT7Ug,hi-IN,Happy,https://www.youtube.com/watch?v=cPtQSTpT7Ug,30,60,30,1,"शादी कब है? दो हफ्ते में? अरे यार अब तो बहुत काम बाकी है। अब तो शादी के जोड़े लेने हैं, शादी के कपड़े लेने हैं, मिठाई लेनी है, संगीत की प्रैक्टिस करनी है। बहुत खुश हूं मैं, बहुत खुश हूं। कुणाल अच्छा लड़का है। मेरा एक दोस्त है स्कूल का, वो उसका दोस्त है, तो वैसे तो पता कर लूंगी उसके बारे में और बट बहुत खुश हूं।",Y,Y,
cPtQSTpT7Ug_0,cPtQSTpT7Ug_60_69,cPtQSTpT7Ug,cPtQSTpT7Ug,hi-IN,Happy,https://www.youtube.com/watch?v=cPtQSTpT7Ug,60,69,9,2,"मेरे लाडो बड़ी हो गयी। अच्छा चल, चल चल चल जल्दी चल। अभी से तैयारी शुरू करते हैं। लेट्स गो।",Y,Y,
7ku9sZXI5Y0_2,7ku9sZXI5Y0_2_32,7ku9sZXI5Y0,7ku9sZXI5Y0,hi-IN,Happy,https://www.youtube.com/watch?v=7ku9sZXI5Y0,2,32,30,0,"भाई, आज ना बड़ी अजीब सी बात हो गई। सड़क पे कहीं से मोटरसाइकिल आई और मुझे डैश करके चली गई। पीछे भागा तो देखा कौन? मोटरसाइकिल एक लड़की चला रही थी। पर भाई, जैसे ही उसने अपना हेलमेट उतारा ना, मैं देखता ही रहा गया। लड़की नहीं थी वो, रुमानी हवा का झोंका थी। वो झील सी आंखें, गोरा बदल",Y,Y,
7ku9sZXI5Y0_2,7ku9sZXI5Y0_32_62,7ku9sZXI5Y0,7ku9sZXI5Y0,hi-IN,Happy,https://www.youtube.com/watch?v=7ku9sZXI5Y0,32,62,30,1,नाक ना उसकी तीखी सी और दिमाग थोड़ी गरम। उसमें ना कुछ बात थी। मैं तो सोच रहा था कि काश वो मुझे डैश के बजाय ना स्मैश कर जाती। फिर मैं हॉस्पिटल के किसी आईसीयू में भर्ती हो जाता। फिर वो आती। रोज गुलदस्ता लेकर मुझसे कहती चंदन। मैं बोलता हां। वो बोलती चंदन मैं बोलता हां।,Y,Y,
7ku9sZXI5Y0_2,7ku9sZXI5Y0_62_84,7ku9sZXI5Y0,7ku9sZXI5Y0,hi-IN,Happy,https://www.youtube.com/watch?v=7ku9sZXI5Y0,62,84,22,2,"वो बोलती चंदन, तबियत कैसी है? मैं बोलता, आप आते हो ना, तो मैं फिर बीमार हो जाता हूं। अब रोज आइए, मैं यहीं पड़ा रहूंगा, देखता रहूंगा, तुम्हें देखता रहूंगा।",Y,Y,
IdcTI1Tm-Mc_16,IdcTI1Tm-Mc_16_46,IdcTI1Tm-Mc,IdcTI1Tm-Mc,en-IN,Happy,https://www.youtube.com/watch?v=IdcTI1Tm-Mc,16,46,30,0,"Here's a fun fact about me, that I actually have dual personalities. That is when I am in front of my father and spending quality time with him. I'm like this little toddler, very naive and immature daddy's girl. But whenever I do a scene in front of the camera or I'm dancing on a stage performing in front of people, I'm like this very mature girl who's aware of what's happening to her and it's like a completely different personality. So yeah, here's the",Y,Y,
ThFcNv5SEYI_690,ThFcNv5SEYI_690_720,ThFcNv5SEYI,ThFcNv5SEYI,en-IN,Happy,https://www.youtube.com/watch?v=ThFcNv5SEYI,690,720,30,0,"So I was definitely not sure if Mount Pilatus is going to be overhyped or is it actually going to be worth it, coming all the way up here, spending that money, because this is definitely one of the most expensive trains that you know is not covered under the Swiss pass fully. But I have to say, oh my god, it is so beautiful. You can just basically walk around the entire area and choose your own adventure because they have different trails for different fitness.",Y,Y,
ThFcNv5SEYI_690,ThFcNv5SEYI_720_750,ThFcNv5SEYI,ThFcNv5SEYI,en-IN,Happy,https://www.youtube.com/watch?v=ThFcNv5SEYI,720,750,30,1,"these levels, like the one that we're doing right now is just like a loop around the mountain, and this is pretty much straight, but you have incredible views, like you can see literally six, seven lakes from different angles, and it's just so, so, so beautiful. And if you want to do something more challenging, you can go towards the other side and just hike down to one of these chapels, which also look mind blowing. So, you know, depends if you want to do something easy, you do that, if you want to do something harder, but what",Y,Y,
aXMYzuocY48_231,aXMYzuocY48_231_261,aXMYzuocY48,aXMYzuocY48,en-IN,Happy,https://www.youtube.com/watch?v=aXMYzuocY48,231,261,30,0,"in Kasol is to do something that is a little offbeat and we're going to a location that Sahil is very kindly taking us. Sahil say hi. Sahil is goes by the name of Peace or Parvat on Instagram, Pap and on YouTube also. And on YouTube as well. So you guys need to definitely follow him on Instagram and YouTube and he's taking us to the spot which has lagoons apparently. Also this is my first time coming to Kasol. I've never been here before because there was always this negative connotation attached to it, you know. So I thought",Y,Y,
aXMYzuocY48_231,aXMYzuocY48_261_280,aXMYzuocY48,aXMYzuocY48,en-IN,Happy,https://www.youtube.com/watch?v=aXMYzuocY48,261,280,19,1,"Why not give it a shot this time? And so far, I've actually liked it. It's got a very unique vibe. The street shopping was really cool. They have so many cool things that I've never seen. And the food was yum. And the property that we are staying at is great. And now I think the hike that we're doing, I mean it's not a hike, it's just a small...",Y,Y,
aXMYzuocY48_843,aXMYzuocY48_843_873,aXMYzuocY48,aXMYzuocY48,en-IN,Happy,https://www.youtube.com/watch?v=aXMYzuocY48,843,873,30,0,"This is one of India's first hem based cafes here. And more than that, I mean, a lot of us don't even know that the nutritional values of hem. And you guys should definitely come here, try this out, eat the food here, it's so good. But more than anything, the view is incredible. And there's the gushing river right next to it. So, you know, there's music, there's the sound of the river, there's beautiful lighting. What else do you need? Good food, which they have. And they've also got a really",Y,Y,
aXMYzuocY48_843,aXMYzuocY48_873_890,aXMYzuocY48,aXMYzuocY48,en-IN,Happy,https://www.youtube.com/watch?v=aXMYzuocY48,873,890,17,1,nice coffee shop where I would definitely recommend trying the cold coffee. I love the iced Americano as well and their KitKat shake was yummy too. Also the paneer steak and I've heard from my friends that the chicken steak is good too. So give it a shot. It's called off limit.,Y,,
2EBKnxPgKzA_30,2EBKnxPgKzA_30_60,2EBKnxPgKzA,2EBKnxPgKzA,en-IN,Instruction,https://www.youtube.com/watch?v=2EBKnxPgKzA,30,60,30,0,"making the same egg fry, but we will add a little bit of caramelized onions to it. So let's check out the ingredients. Now for this, I'm going to use two eggs, some sliced onions, finely chopped green chilies, and grated cheese to garnish. Let's start with taking a pan and adding a generous amount of butter.",Y,Y,
2EBKnxPgKzA_30,2EBKnxPgKzA_60_90,2EBKnxPgKzA,2EBKnxPgKzA,en-IN,Instruction,https://www.youtube.com/watch?v=2EBKnxPgKzA,60,90,30,1,"Keep low to medium heat, we don't want the butter to burn. Once the butter starts melting, just add the green chilies. And as the green chilies sizzle,",Y,Y,
2EBKnxPgKzA_30,2EBKnxPgKzA_90_120,2EBKnxPgKzA,2EBKnxPgKzA,en-IN,Instruction,https://www.youtube.com/watch?v=2EBKnxPgKzA,90,120,30,2,"Just add the sliced onions. Mix the sliced onions in the butter and let them caramelize. Some of us like the onions to be a little crunchy, so you don't have to caramelize fully in that case, but it depends on your liking. Some of us like the onions to be cooked completely, so you can",Y,Y,
t4b7mOdZaUI_170,t4b7mOdZaUI_170_200,t4b7mOdZaUI,t4b7mOdZaUI,en-IN,Instruction,https://www.youtube.com/watch?v=t4b7mOdZaUI,170,200,30,0,"for the number. So now let we move on to the first method that is a traditional method. So traditional method how to find an LCM for the number that is eight, 12, six, four. So usually the traditional method is very simple but it's lengthy process. See, what we need to find is least common multiple. So in the word itself we have a clue least common multiples, right? We have to see all the multiples of the numbers. Just see what the number they have given.",Y,Y,
t4b7mOdZaUI_170,t4b7mOdZaUI_200_230,t4b7mOdZaUI,t4b7mOdZaUI,en-IN,Instruction,https://www.youtube.com/watch?v=t4b7mOdZaUI,200,230,30,1,"minus eight, 12, six and four. Just write down all the multiples of the numbers. eight ones are eight, eight twos are 16, eight threes are 24, got it? 32, it goes on. Got it or not, right? Got the logic. We are writing a multiples. one eights are eight, eight twos are 16, eight threes are 24, eight fours are 32, 30 it goes on, right? 38 etcetera. So similarly write the multiples for 12. So one twelves are 12, two twelves are 24.",Y,Y,
t4b7mOdZaUI_170,t4b7mOdZaUI_230_260,t4b7mOdZaUI,t4b7mOdZaUI,en-IN,Instruction,https://www.youtube.com/watch?v=t4b7mOdZaUI,230,260,30,2,"three 12s are 36. four 12s are 48. So similarly it goes on. Right? one six are six, six 2s are 12, six 3s are 18, six 4s are 24, six 5s are 30, 36 it goes on. Similarly four. one 4s are four, two 4s are eight, three 4s are 12, four 4s are 16, five 4s are 20, six 4s are 24, 28, 32, similarly it goes on. This is called as a multiples, multiples of the number. So what we need to find here?",Y,Y,
QZ_iqa05ojQ_0,QZ_iqa05ojQ_0_30,QZ_iqa05ojQ,QZ_iqa05ojQ,hi-IN,Instruction,https://www.youtube.com/shorts/QZ_iqa05ojQ,0,30,30,0,"हेलो गाइस, आज बनाएंगे पनीर मसाला। इसके लिए पैन में डाला है तेल, पनीर को डालकर इसे गोल्डन होने तक फ्राई कर निकाल लेंगे। फिर इसमें डालेंगे तेल और घी, साथ ही खरे मसाले डालेंगे। इसके बाद बारीक कटे प्याज को डालकर इसे गोल्डन होने तक भून लें। इसमें डालेंगे एक चम्मच जिंजर गार्लिक पेस्ट और इसे एक से दो मिनट तक पका लेंगे। इसमें डालेंगे क्रश किए हुए टमाटर और नमक, इसे पकने देंगे। मसाले के लिए हमने लिया है दही, लाल मिर्च पाउडर।",Y,Y,
QZ_iqa05ojQ_0,QZ_iqa05ojQ_30_54,QZ_iqa05ojQ,QZ_iqa05ojQ,hi-IN,Instruction,https://www.youtube.com/shorts/QZ_iqa05ojQ,30,54,24,1,"हल्दी पाउडर, जीरा पाउडर, धनिया पाउडर, इसे अच्छी तरह फेंट लेंगे। मसालों को डालकर इसे मिक्स कर three मिनट तक पका लें। इसमें डालेंगे पानी, कसूरी मेथी, गरम मसाला, इसे मिक्स कर two मिनट तक पका लें। इसमें डालेंगे फ्राई किए हुए पनीर और five मिनट तक पका लेंगे। इसके बाद यहां डालेंगे हरी मिर्च और धनिया पत्ता और गैस का फ्लेम ऑफ कर दें और सर्व करें। वीडियो अच्छी लगी हो तो लाइक",Y,Y,
5V7m5yCaqt0_20,5V7m5yCaqt0_20_50,5V7m5yCaqt0,5V7m5yCaqt0,hi-IN,Instruction,https://www.youtube.com/watch?v=5V7m5yCaqt0,20,50,30,0,ये पहली ट्रिक को शुरू करते हैं। जब घर में कुछ रिच सब्जी बनानी होती है रेस्टोरेंट ढाबे स्टाइल तो हमें दो चम्मच क्रीम चाहिए होती है। ऐसे में हम डब्बा खोलते हैं तो बहुत सारा नुकसान करते हैं क्योंकि बाकी की क्रीम हमें यूज नहीं होती है। अब ये फ्रेश क्रीम लाएं कहां से? तो चलिए आज दूध से ही बनाएंगे फ्रेश क्रीम। घर में आता है ना हमारे यहां फुल फैट वाला दूध उसको आप रख दीजिए एक बर्तन में रखकर फ्रिज में रख दीजिए। कच्चे दूध को ही रखना है उबालना नहीं है। अब इस कच्चे दूध को जब,Y,Y,
5V7m5yCaqt0_20,5V7m5yCaqt0_50_80,5V7m5yCaqt0,5V7m5yCaqt0,hi-IN,Instruction,https://www.youtube.com/watch?v=5V7m5yCaqt0,50,80,30,1,निकालेंगे eight-ten घंटे बाद तो बढ़िया सी लेयर जम जाएगी इस फ्रेश क्रीम की। इस क्रीम को इस तरीके से धीरे-धीरे निकाल लीजिए। लीजिए आपका काम हो गया है। बाकी का दूध जो बचा है उसे उबाल कर आप यूज में ले लीजिए। अब चलते हैं एक दूसरी ट्रिक को देखने। मेरे कई व्यूअर्स कहते हैं कि मलाई कैसे जमती है हमारे दूध में तो जमती ही नहीं है। तो मलाई जमाने का यह तरीका बहुत ही परफेक्ट है। तो चलिए छोटी सी ट्रिक है उसे फॉलो करेंगे आपको रोज 30,Y,Y,
5V7m5yCaqt0_20,5V7m5yCaqt0_80_110,5V7m5yCaqt0,5V7m5yCaqt0,hi-IN,Instruction,https://www.youtube.com/watch?v=5V7m5yCaqt0,80,110,30,2,"दिन आपको मलाई मिलेगी। जैसे ही घर में दूध आता है ना, उसे उबाल लीजिए। कुछ नहीं डालना है, बस उबाल लीजिए। उबाल के छन्नी रखकर ठंडा करके फ्रिज में रख दीजिए। 24 घंटे बाद नेक्स्ट डे निकालिए। नेक्स्ट डे निकालेंगे ना, इतनी बढ़िया मलाई निकलेगी। अब आपको यह दूध यूज करना है। बस one किलो दूध आप पहले ले लीजिए एक दिन, तो आपको 30 दिन मलाई मिलेगी इस तरीके से। अब चलते हैं एक तीसरी ट्रिक देखने। जैसे कि दही का एक बहुत बड़ा टास्क होता है सर्दियों में।",Y,Y,
5V7m5yCaqt0_20,5V7m5yCaqt0_110_140,5V7m5yCaqt0,5V7m5yCaqt0,hi-IN,Instruction,https://www.youtube.com/watch?v=5V7m5yCaqt0,110,140,30,3,"एक तरीके से जमाने का। छोटी सी ट्रिक को फॉलो करेंगे और दही को परफेक्ट जमाएंगे कुकर के अंदर। तो दही परफेक्ट जमे इसके लिए आपको रखना है गैस पे दूध। दूध को इतना गरम करें कि आप फिंगर डालें आप उसे सह सकें। बस, ये टेंपरेचर सही है। अब इसमें डाल दीजिए खट्टा जिसको आप जामुन भी कहते हो, खट्टा भी कहते हो, पुराना दही भी कहते हो। बस, एक चम्मच भर के डाल दीजिए। अब अच्छे से मिक्स कीजिए उस दही को। उसके बाद आप डाल दीजिए",Y,Y,
UfJgocCxn4I_0,UfJgocCxn4I_0_30,UfJgocCxn4I,UfJgocCxn4I,en-IN,News,https://www.youtube.com/watch?v=UfJgocCxn4I,0,30,30,0,"India and Mongolia share a strategic partnership anchored in shared Buddhist heritage and democratic values. Established in 1955, relations between New Delhi and Ulaanbaatar encompass major defense collaborations, capacity building programs, and India's vital assistance in constructing Mongolia's first oil refinery in the city of Shenshand. A project now valued at one.seven billion dollars to support Mongolia's energy independence, Tanvi Taneja reports from",Y,Y,
UfJgocCxn4I_35,UfJgocCxn4I_35_65,UfJgocCxn4I,UfJgocCxn4I,en-IN,News,https://www.youtube.com/watch?v=UfJgocCxn4I,35,65,30,0,"India is the land of Gautam Buddha and the revered Lamas. Their ancient wisdom and peace have been passed on to posterity for generations. For centuries, Buddhist teachings that originated in India have shaped Mongolia's spiritual and cultural traditions. In modern times, Buddhism has been promoted by cultural and literary contacts between the people of both countries. As developing nations with strong growth potential and rising aspirations, Mongolia and India place their peace",Y,Y,
UfJgocCxn4I_35,UfJgocCxn4I_65_95,UfJgocCxn4I,UfJgocCxn4I,en-IN,News,https://www.youtube.com/watch?v=UfJgocCxn4I,65,95,30,1,"people-centric development partnership at the core of their bilateral engagement. More recently, New Delhi and Ulaanbaatar have collaborated on quick impact projects through which India funded initiatives will contribute to grassroots development, strengthen energy infrastructure and support Mongolia's regional development goals in the years to come. The Mongol oil refinery project being implemented with the support of the line of credit extended by the government of India, stands as a flagship initiative and a vital component of Mongolia's sustainable",Y,Y,
UfJgocCxn4I_35,UfJgocCxn4I_95_115,UfJgocCxn4I,UfJgocCxn4I,en-IN,News,https://www.youtube.com/watch?v=UfJgocCxn4I,95,115,20,2,"energy strategy. DD India team traveled to the construction site of the country's first large scale oil refinery being built in Sanxiong Deren Dornagobi province with the help of Indian assistance. According to project officials, more than 3000 Indian workers, over 250 Nepali workers and more than 100 Mongolian employees",Y,Y,
9cgIvP-ioEs_0,9cgIvP-ioEs_0_30,9cgIvP-ioEs,9cgIvP-ioEs,en-IN,News,https://www.youtube.com/watch?v=9cgIvP-ioEs,0,30,30,0,"If cancer has touched your life or the life of someone you love, this next report is for you. What I'm about to say is not science fiction, it's happening right now. A vaccine is now available for people with advanced lung cancer. There's also a vaccine for treating ovarian, liver, colorectal, and kidney cancers.",Y,Y,
9cgIvP-ioEs_0,9cgIvP-ioEs_30_60,9cgIvP-ioEs,9cgIvP-ioEs,en-IN,News,https://www.youtube.com/watch?v=9cgIvP-ioEs,30,60,30,1,"Together these two vaccines are turning heads worldwide and rapidly rewriting the rules of oncology, transforming cancer into a chronic manageable disease much like diabetes rather than a rapid killer. But the key to this medical future didn't come from a multi-billion dollar pharmaceutical company in New York, Zurich, or London. It came from a small island.",Y,Y,
Ke2nIAzb1f8_0,Ke2nIAzb1f8_0_30,Ke2nIAzb1f8,Ke2nIAzb1f8,hi-IN,News,https://www.youtube.com/watch?v=Ke2nIAzb1f8,0,30,30,0,"प्रधानमंत्री नरेंद्र मोदी ने नॉर्वे शतरंज टूर्नामेंट जीतने के लिए भारतीय ग्रैंड मास्टर आर प्रग्नानंदा को बधाई दी है। प्रधानमंत्री ने एक्स पर लिखा, इस अद्भुत उपलब्धि के लिए प्रग्नानंदा को बधाई। यह वास्तव में एक अविश्वसनीय मील का पत्थर है जो उनके लगातार उत्कृष्ट प्रदर्शन को दर्शाता है। मैं उन्हें भविष्य के प्रयासों के लिए शुभकामनाएं देता हूं।",Y,Y,
Ke2nIAzb1f8_0,Ke2nIAzb1f8_30_47,Ke2nIAzb1f8,Ke2nIAzb1f8,hi-IN,News,https://www.youtube.com/watch?v=Ke2nIAzb1f8,30,47,17,1,विदेश मंत्री डॉक्टर एस जयशंकर ने भारतीय शतरंज स्टार प्रग्नानंदा को नॉर्वे शतरंज चैंपियनशिप में जीत की बधाई दी है। डॉक्टर एस जयशंकर ने एक्स पर पोस्ट में लिखा कि प्रग्नानंदा द्वारा नॉर्वे शतरंज चैंपियनशिप जीतना एक असाधारण उपलब्धि है। आपकी इस सफलता ने भारत को,Y,Y,
V4S-Gx7-2Rw_0,V4S-Gx7-2Rw_0_30,V4S-Gx7-2Rw,V4S-Gx7-2Rw,hi-IN,News,https://www.youtube.com/watch?v=V4S-Gx7-2Rw,0,30,30,0,और अब बात उस बड़ी कामयाबी की जिसने भारत की ऊर्जा ताकत को नई उड़ान दी है। समंदर की गहराइयों से निकला है ऐसा खजाना जो आने वाले वक्त में भारत की तस्वीर बदल सकता है। अंडमान के समुद्री इलाके में प्राकृतिक गैस का बड़ा भंडार मिला है और यह सिर्फ एक खोज नहीं बल्कि आत्मनिर्भर भारत के मिशन में बड़ी जीत मानी जा रही है। इसके जरिए भारत अब ऊर्जा के मामले में सिर्फ उपभोक्ता नहीं बल्कि भविष्य का मजबूत खिलाड़ी बनने की तरफ अग्रसर है और इसकी जानकारी खुद केंद्रीय पेट्रोलियम मंत्री।,Y,Y,
V4S-Gx7-2Rw_0,V4S-Gx7-2Rw_30_49,V4S-Gx7-2Rw,V4S-Gx7-2Rw,hi-IN,News,https://www.youtube.com/watch?v=V4S-Gx7-2Rw,30,49,19,1,हरदीप सिंह पुरी ने दी। उन्होंने कहा कि आने वाले समय में देश की ऊर्जा सुरक्षा और मजबूत होगी। यह खोज ऑइल इंडिया लिमिटेड द्वारा अंडमान द्वीप समूह के पूर्वी तट से लगभग 15 किलोमीटर दूर स्थित श्री विजयपुरम three नामक खोजी कुएं में की गई।,Y,Y,
VToeswmiTRY_0,VToeswmiTRY_0_30,VToeswmiTRY,VToeswmiTRY,hi-IN,News,https://www.youtube.com/watch?v=VToeswmiTRY,0,30,30,0,तो सबसे पहले बात करेंगे देश की बढ़ती और सुदृढ़ होती अर्थव्यवस्था की और उस पर किस तरह से मंथन किया जा रहा है कि इसको और बेहतर बनाया जाए। दुनिया भर के बाजारों और आर्थिक हालात में काफी उतार-चढ़ाव चल रहा है इससे आप वाकिफ होंगे। इसके बावजूद भारत अपनी तरक्की की रफ्तार को कम नहीं होने देना चाहता। इस मकसद के लिए प्रधानमंत्री नरेंद्र मोदी ने शनिवार को प्रधानमंत्री की आर्थिक सलाहकार परिषद की बैठक बुलाई और इसकी अध्यक्षता की। इस बैठक का मकसद वैष्णव,Y,Y,
VToeswmiTRY_0,VToeswmiTRY_30_39,VToeswmiTRY,VToeswmiTRY,hi-IN,News,https://www.youtube.com/watch?v=VToeswmiTRY,30,39,9,1,अनिश्चितताओं और भू राजनैतिक चुनौतियों के बीच भारत की आर्थिक वृद्धि को बनाए रखने की रणनीतियों की समीक्षा करना था। देखिए यह रिपोर्ट।,Y,Y,
